contig, motif, start, stop
contig00029,(AG)^6,94,106
contig00153,(AC)^7,757,771
contig00157,(AC)^8,400,416
contig00205,(AC)^6,1,13
contig00242,(AG)^10,103,123
contig00245,(AGG)^7,41,62
contig00297,(AC)^11,341,363
contig00356,(AG)^7,142,156
contig00703,(AT)^6,1524,1536
contig00704,(AC)^7,473,487
contig00716,(AT)^7,56,70
contig00875,(AG)^6,45,57
contig00892,(ACG)^7,116,137
contig00980,(AC)^6,24,36
contig00980,(AC)^10,46,66
contig01066,(AT)^7,123,137
contig01109,(AAG)^7,307,328
contig01189,(AG)^6,67,79
contig01226,(AC)^11,142,164
contig01226,(AC)^6,186,198
contig01282,(AC)^7,66,80
contig01371,(AT)^6,19,31
contig01416,(AT)^6,149,161
contig01435,(AC)^7,18,32
contig01620,(AC)^9,146,164
contig01646,(AGC)^8,140,164
contig01697,(AC)^14,4,32
contig01733,(AC)^9,41,59
contig01765,(AG)^7,258,272
contig01780,(AC)^7,213,227
contig01901,(AG)^6,37,49
contig01929,(AG)^6,136,148
contig01952,(AT)^7,449,463
contig01967,(AC)^7,359,373
contig02032,(AAT)^6,138,156
contig02039,(AT)^9,5,23
contig02040,(AC)^10,5,25
contig02141,(AG)^6,595,607
contig02279,(AACCC)^7,51,86
contig02279,(AACCC)^7,144,179
contig02361,(AC)^7,518,532
contig02422,(AT)^10,649,669
contig02450,(AC)^6,48,60
contig02450,(AC)^9,62,80
contig02468,(AAT)^16,9,57
contig02592,(ACT)^7,488,509
contig02610,(AAG)^6,80,98
contig02618,(AGG)^7,188,209
contig02618,(AG)^19,152,190
contig02622,(AC)^10,76,96
contig02659,(AC)^7,48,62
contig02743,(AG)^7,176,190
contig02778,(AC)^8,17,33
contig02829,(AAT)^6,329,347
contig02835,(AC)^10,72,92
contig02839,(AT)^7,182,196
contig02906,(AC)^8,172,188
contig02906,(AC)^6,190,202
contig02927,(AG)^7,182,196
contig02946,(AC)^7,315,329
contig03186,(AG)^6,79,91
contig03244,(AC)^12,155,179
contig03244,(AC)^12,251,275
contig03283,(AT)^6,195,207
contig03324,(AT)^6,45,57
contig03376,(AT)^9,184,202
contig03454,(AC)^12,123,147
contig03454,(AC)^8,257,273
contig03467,(AT)^7,96,110
contig03522,(AAG)^9,10,37
contig03745,(AG)^7,230,244
contig03747,(AC)^11,175,197
contig03750,(AG)^6,1,13
contig03750,(AG)^8,42,58
contig03833,(ATC)^6,24,42
contig03847,(AT)^9,445,463
contig03914,(AC)^8,81,97
contig03947,(AG)^6,27,39
contig04126,(AG)^9,67,85
contig04168,(AC)^6,150,162
contig04236,(AG)^11,68,90
contig04316,(AC)^11,160,182
contig04344,(AC)^8,69,85
contig04344,(AT)^6,225,237
contig04393,(AAT)^6,170,188
contig04541,(AT)^6,122,134
contig04646,(AC)^14,106,134
contig04722,(AC)^14,204,232
contig04728,(AG)^7,108,122
contig04735,(AGCC)^8,131,163
contig04736,(AT)^10,182,202
contig04839,(AT)^8,68,84
contig04990,(AG)^6,146,158
contig05004,(AG)^9,215,233
contig05065,(AC)^9,82,100
contig05079,(AC)^6,92,104
contig05082,(AT)^8,15,31
contig05104,(AC)^14,5,33
contig05289,(AC)^13,176,202
contig05398,(AG)^9,594,612
contig05406,(AAT)^6,200,218
contig05436,(AT)^7,47,61
contig05436,(AT)^7,67,81
contig05510,(AC)^8,181,197
contig05598,(AG)^8,369,385
contig05598,(AG)^13,387,413
contig05630,(AT)^7,386,400
contig05660,(AG)^6,109,121
contig05660,(AG)^6,200,212
contig05709,(AC)^8,55,71
contig05875,(AC)^12,102,126
contig05908,(AG)^7,0,14
contig05957,(AT)^6,66,78
contig05984,(AC)^13,361,387
contig05989,(AT)^6,50,62
contig06119,(AC)^11,246,268
contig06257,(AT)^7,218,232
contig06503,(AC)^6,117,129
contig06503,(AC)^9,131,149
contig06635,(AACG)^7,100,128
contig06635,(AATG)^10,60,100
contig06800,(ACG)^6,519,537
contig07059,(AG)^6,61,73
contig07070,(AGG)^7,91,112
contig07089,(AC)^11,102,124
contig07156,(ATCC)^11,47,91
contig07192,(AT)^6,101,113
contig07295,(AGC)^7,60,81
contig07295,(AGC)^9,108,135
contig07305,(AC)^10,101,121
contig07491,(AAT)^8,141,165
contig07594,(AT)^6,276,288
contig07743,(AC)^10,194,214
contig07777,(AT)^6,46,58
contig08049,(AC)^6,195,207
contig08059,(AT)^10,169,189
contig08116,(AT)^9,129,147
contig08204,(AT)^9,193,211
contig08228,(AC)^7,195,209
contig08307,(AATC)^9,33,69
contig08496,(AAC)^11,1,34
contig08509,(AC)^8,87,103
contig08550,(AG)^6,158,170
contig08570,(AC)^6,83,95
contig08570,(AC)^7,115,129
contig08620,(AC)^7,61,75
contig08736,(AT)^11,15,37
contig08857,(AT)^6,140,152
contig08869,(AC)^8,217,233
contig08891,(AG)^12,97,121
contig08940,(AT)^6,109,121
contig08945,(ACG)^6,33,51
contig09097,(AG)^6,62,74
contig09155,(ACG)^10,281,311
contig09155,(ACT)^7,254,275
contig09344,(AAT)^9,158,185
contig09413,(AAT)^9,1,28
contig09456,(AG)^8,132,148
contig09472,(AG)^6,975,987
contig09484,(AT)^9,694,712
contig09501,(AC)^7,464,478
contig09571,(AC)^10,447,467
contig09589,(AC)^6,321,333
contig09589,(AT)^12,239,263
contig09612,(AT)^6,366,378
contig09844,(AC)^11,127,149
contig09894,(ACAG)^13,64,116
contig09894,(ACGG)^6,132,156
contig09933,(AT)^7,138,152
contig09940,(AT)^6,110,122
contig09940,(AT)^6,129,141
contig09941,(AC)^6,40,52
contig09959,(AC)^13,575,601
contig10061,(AG)^9,134,152
contig10078,(AG)^9,39,57
contig10120,(AG)^6,195,207
contig10133,(AC)^6,1265,1277
contig10155,(ACT)^7,181,202
contig10155,(ACT)^6,267,285
contig10247,(ACT)^7,52,73
contig10428,(ACT)^7,110,131
contig10475,(AG)^8,930,946
contig10500,(AT)^6,70,82
contig10532,(AG)^6,33,45
contig10592,(AC)^15,681,711
contig10619,(AC)^6,101,113
contig10659,(AT)^10,33,53
contig10659,(ACT)^6,15,33
contig10674,(AG)^10,15,35
contig10675,(AAG)^8,140,164
contig10675,(AAG)^8,169,193
contig10700,(AC)^10,41,61
contig10746,(ACT)^6,187,205
contig10787,(ACGT)^6,58,82
contig10820,(AG)^16,0,32
contig10820,(AG)^6,36,48
contig10853,(AG)^6,0,12
contig10857,(AC)^6,245,257
contig10911,(ACT)^7,147,168
contig10913,(AT)^12,137,161
contig10936,(AG)^7,98,112
contig11051,(AC)^6,849,861
contig11085,(AG)^8,11,27
contig11105,(AC)^6,66,78
contig11138,(ACT)^8,202,226
contig11204,(AC)^10,608,628
contig11204,(AC)^9,952,970
contig11204,(ATC)^9,1258,1285
contig11205,(AAG)^7,0,21
contig11221,(AC)^20,203,243
contig11273,(AGC)^6,416,434
contig11279,(AT)^7,66,80
contig11324,(AT)^20,45,85
contig11324,(AT)^14,89,117
contig11368,(AT)^6,151,163
contig11434,(AC)^8,1,17
contig11447,(AC)^7,219,233
contig11516,(AC)^6,1,13
contig11547,(AC)^10,1345,1365
contig11547,(AC)^11,1367,1389
contig11599,(AC)^7,382,396
contig11628,(AT)^9,1046,1064
contig11628,(AG)^11,1075,1097
contig11691,(AACC)^6,167,191
contig11693,(AC)^6,121,133
contig11793,(AC)^7,49,63
contig11833,(AAT)^8,60,84
contig11870,(AAT)^7,229,250
contig11926,(ACTG)^25,67,167
contig11944,(ACG)^6,139,157
contig11947,(AC)^28,161,217
Time for execution,298.516073942
